speckle_id,centroid_x,centroid_y,n_pixels,contrast,mean_g2_decay,mean_g2_long,slope_decay,relax_time,gmm_cluster,gmm_max_prob,gmm_prob_0,gmm_prob_1,gmm_prob_2,dbscan_cluster
3,422.3333333333333,275.6,30,0.0018703855242807599,1.00019833785657,0.9998475191985154,-7.4412706354486205e-06,2.0,0,0.9971624914239761,0.9971624914239761,0.0008354903941290288,0.002002018181895044,0
6,453.6296296296296,279.037037037037,27,0.003632997439727781,1.00044981570861,1.0004412409783858,-1.55914178821824e-05,5.0,0,0.9410857616961639,0.9410857616961639,0.03214555860210314,0.026768679701733113,0
10,425.12,282.08,25,0.004227011750766563,1.0032703662985052,1.0012489054676352,-2.010311981363948e-05,112.0,2,1.0,0.0,1.0,1.0101183899980966e-67,0
12,466.375,281.75,8,-0.0019491384526070243,1.0000232723970104,0.999835255028537,-1.5141296999587255e-05,3.0,0,0.9999982240901439,0.9999982240901439,1.4408696057415673e-08,1.7615011600578923e-06,0
15,474.22222222222223,283.8888888888889,9,0.005002057566818374,0.9999992763984323,0.9999969024418777,-4.980912747728498e-06,1.0,0,0.9857723164218325,0.9857723164218325,3.9760545521612026e-05,0.014187923032645974,0
19,459.9166666666667,290.0833333333333,48,0.005363442156165021,1.0034511345385755,1.0022002610699956,-1.524129148063806e-05,214.0,2,1.0,0.0,1.0,4.14632234679812e-268,-1
21,483.94736842105266,288.7894736842105,19,0.00010133648382892879,1.0002965476120735,1.000029235249478,-5.746394064906492e-06,2.0,0,0.9987858763053086,0.9987858763053086,4.9501351377452734e-05,0.0011646223433139308,0
32,425.57142857142856,294.7142857142857,14,0.0055474551359973034,1.001153502152668,0.9994488724614119,-1.4782739833411965e-05,3.0,0,0.9186784194939287,0.9186784194939287,0.004736444660308256,0.07658513584576289,0
33,449.04,295.24,25,0.0022008871700176513,1.0002187697853167,1.0002552733996033,-8.968221285154408e-07,1.0,0,0.9860046733755004,0.9860046733755004,0.0011842746019742024,0.012811052022525516,0
36,415.36842105263156,297.5263157894737,19,-0.0005526275441394279,0.9999887337995532,0.9999350248224941,3.614377388323624e-06,11.0,1,0.9960700052118567,7.334687823527861e-05,0.0038566479099075533,0.9960700052118567,0
40,466.3636363636364,297.3636363636364,11,0.006042836319613443,1.000412713243641,0.9995776097095471,-2.467435874374155e-05,1.0,0,0.9988445373997197,0.9988445373997197,0.00039073148126574596,0.000764731119014614,0
41,489.5,296.0,10,0.007195254309866339,1.0029846221236831,1.0009275130331607,-1.9373907036567276e-05,2.0,1,0.9108300556877895,2.4271734971253644e-09,0.08916994188503717,0.9108300556877895,0
42,483.73333333333335,297.1333333333333,15,0.004800147595544368,1.0028102833739452,1.001379766044603,-2.2944431491279026e-05,4.0,1,0.9025683103397543,1.9764516022487175e-10,0.09743168946260089,0.9025683103397543,0
43,436.6666666666667,298.75,12,0.003131389857681688,0.9998068649369807,1.0000003377302815,-1.4752324262203677e-05,1.0,0,0.9896071806166822,0.9896071806166822,0.010069226056037873,0.00032359332727979284,0
44,423.7142857142857,299.7142857142857,21,0.0033849172968405394,1.0014162599542216,0.9998751188338509,-1.8287374669300023e-05,12.0,1,0.9791060690285386,1.1327898274652709e-08,0.020893919643563026,0.9791060690285386,0
47,460.32142857142856,303.57142857142856,28,0.004410894387721687,1.0018234254288192,1.0009476591706294,-6.509943714046662e-06,25.0,2,0.945201400683382,1.4408158094781687e-50,0.945201400683382,0.05479859931661787,0
49,445.8333333333333,301.8333333333333,18,0.007017219744751779,1.0027929639699944,1.000696215340839,-2.153126432381845e-05,40.0,2,0.9999998773775309,3.5118306734159835e-143,0.9999998773775309,1.2262246892457138e-07,0
52,467.3157894736842,303.05263157894734,19,0.005175366286078065,1.0019357847350256,1.0004942846043763,-3.6591294929528014e-05,24.0,1,0.9255234687026421,1.0510454299227453e-44,0.07447653129735757,0.9255234687026421,0
56,418.3333333333333,306.25,24,0.004763600118827149,1.0026512631164468,1.0010377650955948,-1.3002446282686333e-05,66.0,2,1.0,0.0,1.0,1.2480561416905575e-23,0
57,425.85714285714283,308.92857142857144,14,0.008221551629250978,1.004974628531713,1.001283198436813,-3.81304488532775e-05,74.0,2,1.0,0.0,1.0,4.7257619848001686e-32,0
60,443.23809523809524,308.9047619047619,21,0.010354331655263893,1.0054117472779198,1.0018165274857926,-4.8222778470469524e-05,121.0,2,1.0,0.0,1.0,6.80862468520779e-83,0
64,435.06060606060606,311.8787878787879,33,0.002229156490489048,1.001233215668041,1.0007210606644923,-6.570765352440026e-06,11.0,1,0.9841838648582651,5.24169878161341e-07,0.015815610971856672,0.9841838648582651,0
66,414.29411764705884,313.05882352941177,34,0.0017568587901972688,1.0009996851235046,1.0003507296086076,-8.327775770714947e-06,12.0,1,0.988490881627245,2.8643135446637623e-07,0.01150883194140068,0.988490881627245,0
67,460.6923076923077,312.56410256410254,39,0.005098215722274979,1.003085773154583,1.0010337904319668,-3.068694048737384e-05,66.0,2,1.0,0.0,1.0,2.877837137035321e-17,0
69,450.1666666666667,315.05555555555554,18,0.002862919043945311,1.000313446908651,0.9995062476608333,-1.0587721670318877e-05,2.0,0,0.9926479945080242,0.9926479945080242,0.002349905015752671,0.005002100476223141,0
70,472.0769230769231,315.0769230769231,13,0.007773120348353091,1.0013371783527374,1.0008968752568865,-1.4097919606477011e-05,6.0,1,0.999906974696935,2.2670947354783235e-05,7.035435571037554e-05,0.999906974696935,0
71,424.8,314.8,10,0.006349516182888593,1.0026646106814765,1.0010155625097619,-1.576093417357236e-05,7.0,1,0.9062884213426794,5.259727615447245e-10,0.09371157813134762,0.9062884213426794,0
79,420.425,324.75,40,0.0017920857287394565,1.0006799867427585,1.0003367061052577,-4.810054972521335e-06,7.0,1,0.5126150195794098,0.47417742948461555,0.013207550935974642,0.5126150195794098,0
80,433.27272727272725,321.0,11,0.001513892765918623,1.00138034544977,1.0001050638243991,-1.9600972362380415e-05,4.0,0,0.958934659179594,0.958934659179594,0.0001430648232645113,0.04092227599714151,0
81,465.5769230769231,321.5,26,0.001916452072510788,1.00015842985776,0.9999191340975983,-4.221037969191422e-06,2.0,0,0.9956274165881787,0.9956274165881787,0.0007756406836720101,0.0035969427281492207,0
82,408.0952380952381,321.85714285714283,21,0.0012489780906719261,1.0001943159666715,1.00011310663902,-1.5129370438896336e-05,3.0,0,0.9996676920785534,0.9996676920785534,0.0002739184557136057,5.8389465732849394e-05,0
83,478.625,322.59375,32,0.003910019513769125,1.0013172246126352,1.0002147035910274,-1.5821919448338822e-05,10.0,1,0.9529948171211645,1.4588693545212757e-05,0.046990594185290134,0.9529948171211645,0
84,424.75,322.0,8,0.0031988017316730843,1.0013199616231057,1.0000127527268992,-3.458418691962636e-05,2.0,0,0.9987658998269785,0.9987658998269785,0.0009939357624303557,0.0002401644105908368,0
85,399.40909090909093,327.0,22,0.0023145988444053245,1.0005112347740908,0.9995571103106443,-1.8063873353444668e-05,1.0,0,0.9971159435327689,0.9971159435327689,0.0017590419756217939,0.0011250144916093723,0
86,428.0,325.6666666666667,9,0.0070075040171553304,1.0016797628603649,1.000049808385453,-3.297489415050401e-05,6.0,1,0.9162529344194709,0.01376324200968955,0.06998382357084007,0.9162529344194709,0
87,459.25,327.0,28,0.0074588718695596246,1.0040852496335073,1.001776991137173,-2.077116248761017e-05,119.0,2,1.0,0.0,1.0,1.5177526212575635e-88,0
89,414.64516129032256,329.48387096774195,31,0.0039909175770118654,1.001787716840841,1.0010219179595357,-1.9533303131533205e-05,62.0,2,0.9999999999999583,0.0,0.9999999999999583,4.217445769774056e-14,0
90,434.4864864864865,330.0810810810811,37,0.0014643476205633554,1.0007185379586128,1.0002839492241693,-8.272284103622224e-06,2.0,0,0.9939557342888012,0.9939557342888012,0.0004311032693652213,0.0056131624418336,0
95,442.77777777777777,334.77777777777777,18,0.00559455460575653,1.0046091653708509,1.002576804667161,-1.4735466487943994e-05,124.0,2,1.0,0.0,1.0,5.004646860765523e-100,0
96,448.84615384615387,332.7692307692308,13,0.007736324016016427,1.006031425622014,1.0026963969978506,-3.246954980396527e-05,136.0,2,1.0,0.0,1.0,1.251038475963543e-119,0
97,407.75,334.7857142857143,28,0.0036040757081474695,1.0011197335520212,1.0004671757393415,-1.5434794663346914e-05,21.0,1,0.864072214924729,1.506006338163459e-31,0.13592778507527117,0.864072214924729,0
98,423.44,335.08,25,0.0014986253905791003,1.0016455373526065,1.0008751583627469,-5.379224232619894e-06,11.0,1,0.997898991663401,5.632385143952662e-08,0.0021009520127479547,0.997898991663401,0
100,398.1111111111111,335.77777777777777,9,0.0026807855176489426,1.0007108808759058,0.9993946036489273,-9.844810498168486e-06,4.0,0,0.9109892450868445,0.9109892450868445,0.008653763617853522,0.08035699129530198,0
106,449.8780487804878,341.5365853658537,41,0.0035524627070580017,1.0015016831641863,1.000454954969875,-1.4458491972692138e-05,41.0,2,0.9999405938540268,2.116024306426394e-138,0.9999405938540268,5.940614597297555e-05,0
115,385.46666666666664,344.26666666666665,15,0.0023517166409272594,1.0004760053469404,0.999726876582752,-1.1780934501378997e-05,1.0,0,0.9954750656177721,0.9954750656177721,0.0016324109324430192,0.0028925234497849616,0
116,394.5263157894737,342.5263157894737,19,0.0033092627919431017,1.0007456130344734,1.0000383065308034,-1.4873341314342486e-05,5.0,0,0.9692923483239242,0.9692923483239242,0.005425044889532464,0.025282606786543347,0
117,457.38461538461536,342.38461538461536,13,0.004695062693822694,1.000912930856002,1.0000950606048922,-1.0467208804809204e-05,5.0,0,0.7921852841945229,0.7921852841945229,0.006176539299884084,0.20163817650559304,0
118,407.7307692307692,345.0769230769231,26,0.0005205741556053578,1.0003148052865583,0.9999759386562813,-1.9485052452899634e-06,5.0,0,0.9832059885948902,0.9832059885948902,0.0002745011439581732,0.016519510261151716,0
119,464.3636363636364,343.27272727272725,11,-0.0018868426140954409,0.9999158732060754,1.000281971240522,-1.9758327839948148e-05,6.0,0,0.9999999594676597,0.9999999594676597,1.370150384406706e-08,2.6830835927956173e-08,0
121,415.04761904761904,346.57142857142856,21,0.006627373049497676,1.0051352740028954,1.0025102774249925,-2.8536707831051136e-05,126.0,2,1.0,0.0,1.0,7.234178894792835e-97,0
122,423.77777777777777,346.5,18,0.003697676692355989,1.0005941708569286,1.000169576602169,-2.0621614036927388e-05,1.0,0,0.9922051026354421,0.9922051026354421,0.007207307562191505,0.0005875898023662438,0
123,399.94117647058823,346.52941176470586,17,0.0032375620345836964,1.0010256630516643,1.0004200241287513,-8.570915881048151e-06,2.0,0,0.9148609252250052,0.9148609252250052,0.006416823090231705,0.07872225168476303,0
126,391.64285714285717,349.14285714285717,14,0.0047576498798993505,1.00105653993828,1.0007946123884623,-4.9473298893173514e-06,11.0,1,0.9910320701889651,1.0299306307343379e-08,0.008967919511728704,0.9910320701889651,0
130,397.53333333333336,353.73333333333335,15,0.010135648948060183,1.0040208169642164,1.0028720873067585,-5.331650051377454e-05,52.0,2,0.999999999903098,3.9557017133756507e-268,0.999999999903098,9.690196891924671e-11,-1
132,385.77777777777777,356.77777777777777,27,0.0075254393092343275,1.0039190245003762,1.0019165380893205,-1.4723893377271908e-05,132.0,2,1.0,0.0,1.0,3.3894502733538944e-112,0
133,404.14814814814815,355.9259259259259,27,0.001587842453510513,1.000609748621738,1.0002614050582528,-6.686446971603788e-06,4.0,0,0.9901379182669461,0.9901379182669461,0.0005319691113452788,0.009330112621708589,0
134,424.6363636363636,353.0,11,0.006450382545581279,1.002365400012737,1.00110553902754,-2.2086050083044806e-05,3.0,1,0.8748724848067948,2.8744099857549844e-07,0.12512722775220653,0.8748724848067948,0
135,412.63157894736844,354.05263157894734,19,0.005103978587020608,1.001924809939748,1.001186995170321,-2.6004747754949807e-05,16.0,1,0.706715772882193,6.065605279913285e-22,0.293284227117807,0.706715772882193,0
139,393.6666666666667,358.0,9,0.0039979039181459175,1.0010864335175167,1.0002839078809438,-2.0882442422010842e-05,1.0,0,0.9600534793585538,0.9600534793585538,0.02590918882223235,0.014037331819213876,0
140,425.0,359.92857142857144,14,0.0041807563493971855,1.0009283594680707,1.0004348259049591,-9.439352865462297e-06,3.0,0,0.8840514772542247,0.8840514772542247,0.006187463458129114,0.109761059287646,0
142,454.06666666666666,359.93333333333334,15,0.0006968680644743319,1.0010891988252633,0.9995677214981238,-2.547259385203249e-05,2.0,0,0.9982238075632831,0.9982238075632831,3.4128467146152454e-06,0.0017727795900021033,0
145,414.0238095238095,361.14285714285717,42,0.0013857514241844004,1.0006125997956228,0.9998488920708063,-7.259114959215325e-06,11.0,1,0.9850364640352639,3.014368661467274e-05,0.014933392278121531,0.9850364640352639,0
149,382.1,365.3,10,0.0051647579759486195,1.0034178993747855,1.0014088652757425,-1.8811784417957177e-05,3.0,1,0.9519587269381488,2.393251411811882e-14,0.04804127306182711,0.9519587269381488,0
150,393.6304347826087,367.3695652173913,46,0.0036427273711130415,1.0023134927350428,1.0010860550381706,-1.0792601546281597e-05,147.0,2,1.0,0.0,1.0,1.2624075426003343e-119,0
153,407.96,367.32,25,0.005135326377848637,1.0027922202363684,1.0015808255320706,-2.966574149106232e-05,85.0,2,1.0,0.0,1.0,9.669147120332742e-31,0
159,436.4,373.56666666666666,30,0.0006228251876558843,1.0004977650630307,1.0002783342586887,-4.229137076832021e-06,3.0,0,0.9961332070182413,0.9961332070182413,9.557469764916091e-05,0.003771218284109738,0
162,381.7391304347826,373.17391304347825,23,0.0010726123738673543,1.000798354933279,1.000144136577456,-1.000679350548341e-05,10.0,1,0.9914057150413987,0.0024047249107541583,0.006189560047847204,0.9914057150413987,0
163,444.1818181818182,372.72727272727275,11,0.0035348252580418293,1.0009411036346036,1.000405817242255,6.286853669228363e-06,1.0,0,0.9339085787391701,0.9339085787391701,0.0004098678103891351,0.06568155345044055,0
164,401.53333333333336,373.26666666666665,15,-9.829151623141907e-05,1.0000902708154669,0.999665023854833,-1.0024939073572143e-06,4.0,0,0.9839034831903612,0.9839034831903612,0.0002623432734223979,0.015834173536216432,0
165,408.04,375.8,25,0.005570498067921648,1.0024143992608983,1.00131509747196,-1.67957732228204e-05,27.0,2,0.9782248580551924,3.680517114955833e-64,0.9782248580551924,0.02177514194480755,0
166,427.0,374.5,12,0.010469339732005256,1.005432979291055,1.0027410870814697,-3.131487043907564e-05,34.0,2,0.999999999985203,2.4895510405247818e-145,0.999999999985203,1.479710680252082e-11,0
168,392.1666666666667,376.22222222222223,18,0.0013110599645160814,0.9999031131016604,0.9998931834988674,-8.837663858006705e-06,3.0,0,0.998339110445611,0.998339110445611,0.0010276005843708833,0.0006332889700182262,0
172,402.0625,379.6875,16,0.002547699205260656,1.00020259405801,0.9999600614118678,-2.7384647425849e-05,6.0,0,0.9959349767663488,0.9959349767663488,0.004027600074495472,3.74231591556739e-05,0
174,371.6666666666667,381.5416666666667,24,0.00441747949702731,1.0013677451739056,0.999396336664654,-1.5512125511580106e-05,32.0,2,0.9965896093046643,3.3194188233597126e-84,0.9965896093046643,0.003410390695335846,0
175,416.27272727272725,380.3636363636364,11,0.0084783865236846,1.0048051101823974,1.0024625547349957,-1.999161514129233e-05,36.0,2,0.9999999999982947,1.159113357742179e-144,0.9999999999982947,1.705104333373631e-12,0
177,385.8857142857143,382.8857142857143,35,0.0038185986117285076,1.0011960265554016,0.9999808046858908,-1.2195609550770779e-05,59.0,2,0.9999999999999698,9.87915026549994e-302,0.9999999999999698,3.037107613282788e-14,0
180,363.8936170212766,387.8085106382979,47,0.0019466469933560049,1.000569129737924,1.0000089063105,-4.243837472942747e-06,1.0,0,0.9888195873416914,0.9888195873416914,0.0008775872115569323,0.01030282544675168,0
182,355.375,385.875,16,0.008749915904219918,1.0030334867118809,1.0002506528713966,-3.514325191738785e-05,10.0,1,0.9723870960224368,1.2569684545745886e-14,0.027612903977551027,0.9723870960224368,0
183,396.07894736842104,387.89473684210526,38,0.0011049424869464808,1.0001927691415573,1.000010877341615,-1.240792598129224e-06,2.0,0,0.9948477116177552,0.9948477116177552,0.0003799400405775223,0.00477234834166706,0
185,375.0,385.625,8,0.003422000148179727,1.0002268778729138,0.9996535137616851,-3.278991984096851e-06,1.0,0,0.9911297778280898,0.9911297778280898,0.0007061677029652647,0.008164054468944904,0
186,405.6666666666667,387.0,21,0.003198867469784261,1.0013323810208807,0.9999821265046182,-2.0513870351266452e-05,8.0,1,0.951977203775193,0.01846071202938044,0.02956208419542643,0.951977203775193,0
190,429.9024390243902,393.0731707317073,41,0.0036674719604099515,1.0012043340831873,1.0005985707239562,-9.95228174417197e-06,40.0,2,0.9999353811553678,7.525338603974176e-132,0.9999353811553678,6.461884463213192e-05,0
193,348.1,391.3,10,0.002850964709858239,1.0018581944065992,1.0007627563173447,-1.8958746228226966e-06,2.0,1,0.9817470347471704,0.008869991415530756,0.009382973837298577,0.9817470347471704,0
194,394.875,392.875,8,0.0032845231619729187,1.001801011914457,1.0002872742554068,-1.4943626859233852e-05,3.0,1,0.8640299312290795,0.11824773567682785,0.01772233309409282,0.8640299312290795,0
195,436.8333333333333,391.9166666666667,12,0.005449076953923049,1.0009315815079565,0.9996876439807814,-2.6607437124492213e-05,1.0,0,0.9938816659200976,0.9938816659200976,0.0035678865480705427,0.0025504475318317258,0
198,373.22222222222223,394.05555555555554,18,0.0054748150700498766,1.000958413568499,1.0006770554708666,-2.0932049033729377e-05,20.0,1,0.9331444837055349,1.7966550039526966e-30,0.06685551629446511,0.9331444837055349,0
199,381.38461538461536,395.0,13,0.0015677139417888952,1.0004523201950548,1.0002994103721545,1.0192184807542285e-06,3.0,0,0.9837854804832659,0.9837854804832659,0.00038609290381167425,0.015828426612922566,0
202,411.74074074074076,397.3333333333333,27,0.001850422988050271,1.0001946474908219,1.000157493259267,2.301694340886392e-06,2.0,0,0.9883897338022624,0.9883897338022624,0.0004230150301961925,0.011187251167541445,0
203,342.46153846153845,395.9230769230769,13,0.00681560913043322,1.0039910525363738,1.0013587592304813,-2.9496382841402443e-05,34.0,2,0.9999891283214022,3.8173656532452196e-112,0.9999891283214022,1.0871678597434214e-05,0
204,351.67857142857144,398.7857142857143,28,0.010404448553337664,1.0074260157105555,1.0038728853428562,-3.1009679954151795e-05,189.0,2,1.0,0.0,1.0,1.893458592535424e-251,0
206,358.25,396.8333333333333,12,0.004942710513627491,1.002881462630445,1.0011908257663913,-9.52585883782978e-06,3.0,1,0.9395962210114669,2.5121192527944907e-09,0.06040377647641401,0.9395962210114669,0
207,363.3404255319149,401.78723404255317,47,0.003471125934568775,1.0016561391374494,1.0008721153704991,-1.748862111960035e-05,85.0,2,1.0,0.0,1.0,1.2386071162818943e-30,0
208,393.55555555555554,397.1111111111111,18,0.002824583179932727,1.00170734134577,0.9997830647265212,-2.257013861890409e-05,14.0,1,0.9981566752581704,4.5270071850917744e-13,0.001843324741376685,0.9981566752581704,0
210,401.7317073170732,402.1951219512195,41,0.0019167119778293884,1.0005601504095984,0.9995905958216774,-1.5198856865160883e-05,9.0,1,0.9369167176687653,0.021177894333814843,0.041905387997419476,0.9369167176687653,0
212,332.32608695652175,401.04347826086956,46,0.002969737200436029,1.000353154578093,1.0002809775013979,-7.216125677669721e-06,11.0,1,0.9503829068198324,6.618241113747248e-06,0.049610474939053954,0.9503829068198324,0
213,424.5,399.5,20,0.004662353916202289,1.0011972162583858,0.9993208375908059,-2.137314642308514e-05,11.0,1,0.9488824643452533,8.915512288485027e-08,0.05111744649962415,0.9488824643452533,0
215,374.44444444444446,400.1111111111111,9,0.006657317613907754,1.0000655740915356,0.9998304065834405,-1.0568608705324187e-05,2.0,0,0.9855783070843582,0.9855783070843582,1.0699117495908689e-06,0.014420623003892097,0
216,345.43589743589746,405.9230769230769,39,0.0009178570061476599,0.9999147887104758,0.9999757499112997,1.4008005924780118e-06,1.0,0,0.989624808901378,0.989624808901378,0.0012028167834716046,0.0091723743151502,0
217,416.4166666666667,402.7916666666667,24,0.007680491341570228,1.0060093391878808,1.0032549075365393,-2.2614992143354635e-05,183.0,2,1.0,0.0,1.0,7.459208208079316e-223,0
218,382.06666666666666,402.93333333333334,15,0.008527105371178179,1.0045284861999386,1.002163852444515,-2.7096014127031487e-05,30.0,2,0.9999996779421826,7.400261948911873e-104,0.9999996779421826,3.220578171581066e-07,0
220,390.46666666666664,404.9,30,0.007157343039205566,1.0038483928991633,1.0015725904940573,-2.3857433293985054e-05,131.0,2,1.0,0.0,1.0,2.83085335664179e-101,0
223,376.75,406.0833333333333,12,0.002978355003657507,1.0001970343137354,0.9999464579773059,-9.37430647977001e-06,3.0,0,0.9961064082960909,0.9961064082960909,0.0011112054934420761,0.0027823862104669746,0
224,322.3333333333333,407.46666666666664,15,0.00439164697529848,1.0012862765894834,1.0003645272756096,6.333497487875639e-06,1.0,0,0.9327081970151191,0.9327081970151191,0.000602517127432808,0.06668928585744788,0
225,410.26666666666665,407.73333333333335,15,0.001532840284674597,1.0008732514580003,1.0005333767297258,3.0908114512815494e-06,5.0,0,0.7335721920287627,0.7335721920287627,0.001749794555095264,0.2646780134161424,0
226,328.7142857142857,410.04761904761904,21,0.006233117220937112,1.0016237757600566,1.0013181135655074,-3.094293987893955e-05,13.0,2,0.692764147802055,2.8527151337034558e-16,0.692764147802055,0.3072358521979447,0
229,375.5217391304348,415.4347826086956,46,0.00219189923211216,1.0012869129578839,1.0004742249894025,-8.643260928789919e-06,27.0,1,0.5296187918477752,1.12945806631143e-53,0.47038120815222473,0.5296187918477752,0
230,386.0,411.14285714285717,21,0.00865160377482388,1.0046197239172443,1.001837400996733,-3.6788452264909436e-05,107.0,2,1.0,0.0,1.0,5.456938510283969e-65,0
231,339.5,412.96153846153845,26,0.0036995641800519063,1.0010570509809222,1.0007109114237398,-6.604340574004947e-06,7.0,1,0.9638668638122861,0.008213810991386105,0.027919325196327834,0.9638668638122861,0
232,395.60714285714283,412.7142857142857,28,0.009114729517454956,1.0056507384295217,1.001639933789974,-3.58521418278198e-05,142.0,2,1.0,0.0,1.0,1.2429616576658113e-129,0
235,353.56666666666666,414.3666666666667,30,0.003704287303414988,1.001832537168341,1.0007863613960404,-1.0675642707162617e-05,17.0,1,0.8704644814194007,7.472255552685919e-22,0.1295355185805993,0.8704644814194007,0
237,311.4516129032258,414.83870967741933,31,0.0021190407166187253,1.0004316753507674,1.0001076258211457,-5.4213103319609415e-06,3.0,0,0.9938483019360999,0.9938483019360999,0.0006136132021078685,0.0055380848617924755,0
240,363.90697674418607,415.3953488372093,43,0.0042080784974272145,1.0019638310281598,1.0004829976779217,-2.5137828474723734e-05,91.0,2,1.0,0.0,1.0,1.1670479090524792e-34,0
242,318.76190476190476,415.76190476190476,21,0.002462989644400615,1.0003455793308365,0.9999616610127292,-2.9031909223306536e-07,1.0,0,0.9888939967875856,0.9888939967875856,0.000654845047923534,0.010451158164490743,0
243,404.6333333333333,416.76666666666665,30,0.0019245892909918183,1.000280529653064,0.9996838316127796,-1.4018291569781543e-05,6.0,0,0.9765836827818124,0.9765836827818124,0.005576052368922868,0.017840264849264566,0
244,324.375,415.75,8,0.0016383524507432856,1.0000293977096992,0.9997540084326262,-2.7508948140005788e-06,10.0,1,0.9440979486183998,0.00037735211972762404,0.05552469926187229,0.9440979486183998,0
245,332.53846153846155,416.53846153846155,13,0.005487637614883356,1.0009248235427066,0.9995793021965222,-2.7682278295211647e-05,1.0,0,0.994010697440698,0.994010697440698,0.0036069451438584953,0.0023823574154432734,0
248,338.1333333333333,419.93333333333334,15,0.0014248425447480617,1.0003390089938764,0.9997557009368042,-4.058171447603328e-06,4.0,0,0.9867628389975629,0.9867628389975629,0.0007700589505363927,0.012467102051900693,0
249,288.2,423.55,20,0.0029285190586274545,1.00080020305782,1.0000085464698953,-9.066514829634225e-06,1.0,0,0.9849221969949047,0.9849221969949047,0.001970260169973377,0.013107542835121928,0
250,328.7142857142857,421.5,14,0.0010407764636704009,1.00128590802379,1.000361739950937,-1.3461739923394394e-05,4.0,0,0.9414571891812775,0.9414571891812775,0.00014168445527617307,0.058401126363446645,0
254,397.67391304347825,423.6304347826087,46,0.0026082632781092574,1.0010589474099207,1.0004125366477599,-1.5046419049994116e-05,34.0,2,0.8833834400908177,2.4386169054343734e-89,0.8833834400908177,0.11661655990918245,0
258,417.0,423.75,8,0.002572779419476978,1.0006537479837367,1.0003282333823726,-6.5555278946228775e-06,22.0,1,0.8328590987923924,6.476842306903354e-34,0.16714090120760758,0.8328590987923924,0
264,293.93333333333334,427.3333333333333,15,0.0016864458446059771,1.0001339887349263,1.0000017173124105,-5.7135482488488415e-06,2.0,0,0.9971936782445403,0.9971936782445403,0.0007711595979651236,0.00203516215749458,0
265,300.7916666666667,427.5416666666667,24,0.0036741494134227004,1.0019317478800178,0.9998666862538886,-3.0031979039531613e-05,26.0,1,0.9921875654059604,7.787298996493993e-52,0.007812434594039439,0.9921875654059604,0
266,307.8536585365854,429.8536585365854,41,0.0030848930131111008,1.0020216189513438,1.0012927843860073,-1.318109555179192e-05,61.0,2,0.9999999999999973,5.76e-321,0.9999999999999973,2.7696646955029304e-15,0
272,339.5,428.1818181818182,22,0.006204966782065835,1.0014622328823595,0.999922488930887,-2.0733559098358152e-05,26.0,1,0.5776651834841612,4.5034517038396905e-54,0.42233481651583854,0.5776651834841612,0
273,365.55555555555554,427.55555555555554,9,0.003748847293849611,1.0033402675385248,1.0000726395977098,-3.024852736473965e-05,8.0,1,0.9999863465050111,6.738338114315514e-13,1.3653494315276165e-05,0.9999863465050111,0
275,281.25,428.25,8,0.00018887047595983475,1.0003766114586645,0.9997805173861235,-2.533808668379419e-05,6.0,0,0.999989211428828,0.999989211428828,1.8042856610139256e-06,8.984285510947652e-06,0
276,319.27272727272725,430.1363636363636,22,0.0019376755991038497,1.0001071032308386,1.0001410743332186,5.95050469676761e-07,1.0,0,0.9879170513968168,0.9879170513968168,0.0009444281230871258,0.01113852048009606,0
279,361.468085106383,434.3191489361702,47,0.0018204726222397216,1.000232287902873,1.0001844452520556,-9.154576621453026e-06,5.0,0,0.9924806015370956,0.9924806015370956,0.0020423776613677754,0.005477020801536702,0
283,371.72222222222223,431.22222222222223,18,0.004935391732792116,1.0028355677972078,1.0002888587730627,-4.953842343492512e-05,35.0,1,0.9992467652738707,1.3404809227722654e-100,0.0007532347261297971,0.9992467652738707,0
284,379.6,431.55,20,0.0038802896979530654,1.0005358213479378,0.9995232037609691,-3.3665208825519652e-06,4.0,0,0.9647152589253205,0.9647152589253205,0.0019114367241229151,0.03337330435055664,0
288,331.5833333333333,432.5,12,0.007283017243049139,1.0035146272083602,1.001118451708424,-3.4999013030649484e-05,3.0,1,0.8098839719878065,1.7444042727502812e-14,0.19011602801217573,0.8098839719878065,0
291,313.6363636363636,437.2121212121212,33,0.0021551166963282853,1.000669440931491,0.9999999071546348,-1.772453305140151e-05,2.0,0,0.9990400849877981,0.9990400849877981,0.0004938389688610545,0.000466076043340807,0
292,325.3809523809524,437.1666666666667,42,0.0017206398798894629,1.0005443662547913,0.9992614911392144,-2.0652561270181473e-05,25.0,1,0.9883323423781128,2.551980045979713e-45,0.01166765762188695,0.9883323423781128,0
293,339.3181818181818,436.3636363636364,22,0.0022974313402437385,1.0003296230237813,1.000022871964255,-6.553097880894953e-06,4.0,0,0.9917433027615981,0.9917433027615981,0.001041110248789915,0.007215586989612176,0
295,385.52941176470586,437.94117647058823,17,0.004976673320658875,1.0005723745097275,1.0002982821259072,-4.090620909435751e-06,5.0,0,0.6747899957035356,0.6747899957035356,0.0007567238071636657,0.3244532804893006,0
297,367.25,438.25,8,0.0054285111159895205,1.0001227106324067,0.999371841489834,-8.481650174474567e-06,1.0,0,0.992467481777763,0.992467481777763,6.275044472044556e-05,0.007469767777516512,0
300,375.3529411764706,442.5882352941176,17,0.00016305152590079253,1.0002616388425625,1.0002240369310553,6.098365894586489e-06,2.0,0,0.9851766789407848,0.9851766789407848,9.756367973761698e-05,0.014725757379477572,0
301,394.25,440.6875,16,0.004838944895417807,1.0025789565093626,1.0007338557302448,-1.0040464317054312e-05,2.0,1,0.94635511281545,7.763340731266728e-06,0.05363712384381852,0.94635511281545,0
302,304.0232558139535,446.06976744186045,43,0.0019542509340944036,1.0003367088005883,0.999547558513886,-1.9530041392266006e-05,1.0,0,0.9984402476790948,0.9984402476790948,0.0013065550936550371,0.000253197227250168,0
303,338.45454545454544,443.3636363636364,11,0.006792217049465421,1.0009286165609756,1.0000064712024244,-1.1890448167904326e-05,2.0,0,0.9690040569893299,0.9690040569893299,2.4436017620797716e-05,0.030971506993049368,0
305,308.75,442.875,8,0.009794220302485002,1.0016052886381013,1.0012621422226367,-9.349651388711257e-06,1.0,1,0.9999989754883661,1.0209695147629427e-06,3.542119609752295e-09,0.9999989754883661,0
307,354.11764705882354,444.3529411764706,17,0.007300358726497258,1.0033137683020108,1.0009151660881102,-1.757030591911445e-05,32.0,2,0.9999994757848343,1.646548618211308e-96,0.9999994757848343,5.242151656754888e-07,0
309,363.7083333333333,445.4166666666667,24,0.002365925496244481,1.0012132178588298,0.9999867653775992,-1.4486641732658005e-05,3.0,0,0.9548785525258309,0.9548785525258309,0.0013661822152649745,0.04375526525890432,0
314,383.8125,445.625,16,0.001080322860377958,1.0004108329277477,1.0001896599386717,9.559659953651235e-07,2.0,0,0.9897058973934892,0.9897058973934892,0.00025057003733575,0.010043532569175107,0
319,372.07142857142856,447.14285714285717,14,0.004953526888404669,1.0010992566841097,1.0004330129913601,-1.736876371597965e-05,2.0,0,0.8619662348286553,0.8619662348286553,0.028002220650784206,0.1100315445205606,0
320,313.0,447.6666666666667,9,0.0008247292273080298,0.9999635261411144,0.9996034857914916,-2.330646627054294e-05,6.0,0,0.9996459843614464,0.9996459843614464,0.00031508070453398565,3.8934934019414204e-05,0
322,345.5,448.0,10,0.0001291266376679534,1.0008850074256965,0.9998088579678195,-1.3995475186697407e-05,2.0,0,0.9956203290805492,0.9956203290805492,6.48077512751045e-06,0.004373190144323093,0
323,328.9,449.8,10,0.006656668010919908,1.0029445760541638,1.000669897424958,-3.882398055666211e-05,3.0,1,0.8221399794321155,2.865533131952052e-08,0.1778599919125529,0.8221399794321155,0
328,351.89130434782606,455.1521739130435,46,0.0017083072684378475,1.0004352909514869,0.9999745190134489,2.875162962321844e-07,2.0,0,0.989640720681084,0.989640720681084,0.000407538603074896,0.009951740715841187,0
329,364.19444444444446,454.8888888888889,36,0.001354795872227088,1.0005922710748727,1.0000684219969056,-9.212995323751564e-06,3.0,0,0.9972681422841094,0.9972681422841094,0.00019889553090319788,0.002532962184987326,0
330,287.6875,455.53125,32,0.0015476534160185906,1.000473294728988,1.0002361476150876,-4.172202670247588e-07,1.0,0,0.983664338145498,0.983664338145498,0.000696132407009986,0.015639529447492133,0
331,296.8918918918919,455.1621621621622,37,0.0005004391730265567,0.9999727071875196,0.9999871027445171,-1.1146107824243576e-06,3.0,0,0.9963247336405237,0.9963247336405237,0.00031632170610718156,0.003358944653369092,0
334,313.15384615384613,454.38461538461536,13,0.0054403512753049554,1.0007754723321454,0.9994428346824564,1.0860181497515677e-05,2.0,0,0.9998712994784695,0.9998712994784695,2.455578192054601e-06,0.00012624494333886803,0
335,329.47058823529414,457.2647058823529,34,0.00319971654141038,1.0006115171228795,0.9998817064305423,-8.541115870868025e-06,6.0,0,0.8106559883782168,0.8106559883782168,0.012724127239051225,0.1766198843827318,0
338,373.0,457.3333333333333,12,0.0019142056403034236,1.0004673881600676,0.9998896615226766,-5.477213896109691e-06,3.0,0,0.9932651215905902,0.9932651215905902,0.0005413525476002638,0.006193525861809583,0
343,308.7142857142857,460.07142857142856,14,0.0068012513457687,1.0017256825754632,0.9993681002824687,-2.1776694430615682e-05,6.0,1,0.9543876346478112,0.0060205018642753155,0.03959186348791314,0.9543876346478112,0
352,322.6842105263158,464.7894736842105,19,0.0011827037043590227,1.0003024768971673,1.000210026585413,-8.344609191297139e-06,3.0,0,0.9987338546195201,0.9987338546195201,0.0003042829929814503,0.0009618623874984492,0
353,292.1621621621622,465.7027027027027,37,0.0014128315309192008,1.0003546849805849,1.0000875316987412,-7.684433199037729e-06,3.0,0,0.9979604770201438,0.9979604770201438,0.0003240970853407239,0.0017154258945154754,0
358,304.86486486486484,469.2972972972973,37,0.0014383413632794717,1.0004752079480053,0.9998555138915615,-1.1589072926351361e-05,7.0,0,0.8787914939533151,0.8787914939533151,0.006429565718109691,0.11477894032857518,0
370,310.3888888888889,479.6666666666667,18,-0.0010047049883045167,1.0001874017556776,0.9999027342052356,-5.897248752117343e-06,6.0,0,0.9947606280374164,0.9947606280374164,9.10431115783403e-06,0.005230267651425604,0
372,318.9189189189189,479.94594594594594,37,0.005033814951512561,1.0022179314876012,1.0012204343046578,-1.8192123183969723e-05,60.0,2,0.9999999999999982,1.0662531e-316,0.9999999999999982,1.710661940227227e-15,0
373,327.46153846153845,479.9230769230769,13,0.003174814307656426,1.0008809286713245,0.9996489095694937,-2.733816657327943e-05,3.0,0,0.9987538588913916,0.9987538588913916,0.0007568693182780603,0.0004892717903302891,0
376,301.73333333333335,484.2,15,0.002272995643904707,0.9999867865059416,0.999922804157277,-1.0227086164168893e-05,2.0,0,0.997413213248083,0.997413213248083,0.0018312829634275175,0.0007555037884894796,0
377,310.9,485.7,10,0.004879442353845853,1.000341760262236,0.9999966268077316,-2.6150949781769257e-05,2.0,0,0.9963137529102755,0.9963137529102755,0.0035779007518772156,0.00010834633784737854,0
385,307.0,495.25,8,0.0029325289267470023,1.0005080574045564,0.9994824171950832,-2.3302805635986476e-05,2.0,0,0.9982793184803805,0.9982793184803805,0.001396948389367463,0.00032373313025189064,0
