speckle_id,centroid_x,centroid_y,n_pixels,mean_intensity,contrast,is_dynamic,mean_g2_short,mean_g2_intermed,relaxation_lag,relaxation_time,n_above_ci,n_lags,max_lag_time
3,422.3333333333333,275.6,30,5.446697746697747,0.0018703855242807599,True,1.00096035993295,1.0001020919042682,2,2.0,14,214,214.0
6,453.6296296296296,279.037037037037,27,5.56367089700423,0.003632997439727781,True,1.0016997372666794,1.0003511027769032,5,5.0,27,214,214.0
10,425.12,282.08,25,4.872167832167833,0.004227011750766563,True,1.0044162640098127,1.0031272494094856,112,112.0,147,214,214.0
12,466.375,281.75,8,4.343531468531468,-0.0019491384526070243,True,1.0016185301490927,0.9998938527140684,3,3.0,7,214,214.0
15,474.22222222222223,283.8888888888889,9,3.876974876974877,0.005002057566818374,True,1.0000753659278767,1.000145934150975,1,1.0,12,214,214.0
19,459.9166666666667,290.0833333333333,48,6.192841880341881,0.005363442156165021,True,1.0045389954977606,1.0033278504209644,214,214.0,214,214,214.0
21,483.94736842105266,288.7894736842105,19,4.421359342411974,0.00010133648382892879,True,1.0013397806884172,1.0002168030302312,2,2.0,13,214,214.0
32,425.57142857142856,294.7142857142857,14,4.953546453546454,0.0055474551359973034,True,1.002066186155021,1.0010852760674338,3,3.0,25,214,214.0
33,449.04,295.24,25,6.635850815850816,0.0022008871700176513,True,1.0008827690458477,1.0001991934250847,1,1.0,13,214,214.0
36,415.36842105263156,297.5263157894737,19,4.741442767758557,-0.0005526275441394279,True,1.0003712356358108,0.9999496367725288,11,11.0,6,214,214.0
40,466.3636363636364,297.3636363636364,11,4.431235431235431,0.006042836319613443,True,1.0028808885694036,1.000144467627593,1,1.0,21,214,214.0
41,489.5,296.0,10,4.037062937062937,0.007195254309866339,True,1.0048508963285179,1.0029090160286578,2,2.0,35,214,214.0
42,483.73333333333335,297.1333333333333,15,4.356177156177156,0.004800147595544368,True,1.00392971987843,1.0026192954617685,4,4.0,76,214,214.0
43,436.6666666666667,298.75,12,5.277777777777778,0.003131389857681688,True,1.0009072056792476,0.9996973144303282,1,1.0,5,214,214.0
44,423.7142857142857,299.7142857142857,21,4.951437451437451,0.0033849172968405394,True,1.0023646012408984,1.001324918788562,12,12.0,61,214,214.0
47,460.32142857142856,303.57142857142856,28,5.207833832833833,0.004410894387721687,True,1.0028062745321444,1.0017750148783273,25,25.0,120,214,214.0
49,445.8333333333333,301.8333333333333,18,6.3084045584045585,0.007017219744751779,True,1.0049123072565944,1.0025732156448182,40,40.0,97,214,214.0
52,467.3157894736842,303.05263157894734,19,4.926818795239848,0.005175366286078065,True,1.0041542768584106,1.0017284096328336,24,24.0,65,214,214.0
56,418.3333333333333,306.25,24,6.223776223776224,0.004763600118827149,True,1.0036820497588976,1.002519496092149,66,66.0,139,214,214.0
57,425.85714285714283,308.92857142857144,14,5.6147186147186146,0.008221551629250978,True,1.0070376954869744,1.0047640915836664,74,74.0,129,214,214.0
60,443.23809523809524,308.9047619047619,21,7.295926295926296,0.010354331655263893,True,1.007837223290722,1.0051358005896711,121,121.0,168,214,214.0
64,435.06060606060606,311.8787878787879,33,6.341209295754751,0.002229156490489048,True,1.0016976509468072,1.0011943763271343,11,11.0,108,214,214.0
66,414.29411764705884,313.05882352941177,34,5.910907719731249,0.0017568587901972688,True,1.001710014717977,1.0009359833963554,12,12.0,71,214,214.0
67,460.6923076923077,312.56410256410254,39,5.862620285697209,0.005098215722274979,True,1.004743808116681,1.0029089336083126,66,66.0,158,214,214.0
69,450.1666666666667,315.05555555555554,18,6.114801864801865,0.002862919043945311,True,1.0019036062400355,1.0001355619438135,2,2.0,16,214,214.0
70,472.0769230769231,315.0769230769231,13,4.697149004841313,0.007773120348353091,True,1.00331576139564,1.0012161444709937,6,6.0,39,214,214.0
71,424.8,314.8,10,5.407575757575757,0.006349516182888593,True,1.0036468870808095,1.0025803152061485,7,7.0,65,214,214.0
79,420.425,324.75,40,7.995949883449883,0.0017920857287394565,True,1.0012250819430581,1.0006294152367037,7,7.0,68,214,214.0
80,433.27272727272725,321.0,11,5.597266369993643,0.001513892765918623,True,1.0025458408623547,1.0012169759701968,4,4.0,29,214,214.0
81,465.5769230769231,321.5,26,4.879684418145956,0.001916452072510788,True,1.000651823878135,1.0001201707818852,2,2.0,7,214,214.0
82,408.0952380952381,321.85714285714283,21,6.306471306471306,0.0012489780906719261,True,1.0011125657320452,1.000086968229106,3,3.0,13,214,214.0
83,478.625,322.59375,32,4.450830419580419,0.003910019513769125,True,1.0025866303925046,1.0012278979558202,10,10.0,57,214,214.0
84,424.75,322.0,8,6.398018648018648,0.0031988017316730843,True,1.003229465961461,1.0011543689630673,2,2.0,27,214,214.0
85,399.40909090909093,327.0,22,5.586088154269972,0.0023145988444053245,True,1.0015027192297932,1.0004047688605642,1,1.0,22,214,214.0
86,428.0,325.6666666666667,9,6.13934213934214,0.0070075040171553304,True,1.003734955744951,1.0015042396139775,6,6.0,23,214,214.0
87,459.25,327.0,28,5.281593406593407,0.0074588718695596246,True,1.005838127588817,1.0039116962729784,119,119.0,176,214,214.0
89,414.64516129032256,329.48387096774195,31,6.716896007218588,0.0039909175770118654,True,1.0032066975686587,1.0016326134544074,62,62.0,153,214,214.0
90,434.4864864864865,330.0810810810811,37,5.776192276192276,0.0014643476205633554,True,1.0010070282023467,1.000675535128901,2,2.0,64,214,214.0
95,442.77777777777777,334.77777777777777,18,5.672753172753173,0.00559455460575653,True,1.0052663224529717,1.0045683746201484,124,124.0,192,214,214.0
96,448.84615384615387,332.7692307692308,13,5.440290478752018,0.007736324016016427,True,1.0086667660941855,1.0057096075346108,136,136.0,165,214,214.0
97,407.75,334.7857142857143,28,6.0438311688311686,0.0036040757081474695,True,1.0025645179078853,1.0009722626491853,21,21.0,61,214,214.0
98,423.44,335.08,25,6.932680652680653,0.0014986253905791003,True,1.0021997146738661,1.0015913273285957,11,11.0,114,214,214.0
100,398.1111111111111,335.77777777777777,9,5.917119917119917,0.0026807855176489426,True,1.0021899158225913,1.0005367321694614,4,4.0,14,214,214.0
106,449.8780487804878,341.5365853658537,41,6.3309454772869405,0.0035524627070580017,True,1.0023930118779543,1.0014138332005658,41,41.0,106,214,214.0
115,385.46666666666664,344.26666666666665,15,5.002486402486403,0.0023517166409272594,True,1.0016702469968322,1.0003029694962189,1,1.0,15,214,214.0
116,394.5263157894737,342.5263157894737,19,6.833885412832781,0.0033092627919431017,True,1.001752757977084,1.0006685536564797,5,5.0,28,214,214.0
117,457.38461538461536,342.38461538461536,13,5.053433745741438,0.004695062693822694,True,1.00198260587,1.0008664812054937,5,5.0,19,214,214.0
118,407.7307692307692,345.0769230769231,26,5.441859422628653,0.0005205741556053578,True,1.0004376657086926,1.000318205088278,5,5.0,16,214,214.0
119,464.3636363636364,343.27272727272725,11,4.432400932400933,-0.0018868426140954409,True,1.0006295443250262,0.9998556397441746,6,6.0,11,214,214.0
121,415.04761904761904,346.57142857142856,21,5.457042957042957,0.006627373049497676,True,1.0067094225000273,1.0049547317763057,126,126.0,185,214,214.0
122,423.77777777777777,346.5,18,5.645299145299146,0.003697676692355989,True,1.002017725723042,1.0004585530358312,1,1.0,19,214,214.0
123,399.94117647058823,346.52941176470586,17,5.963046757164404,0.0032375620345836964,True,1.0018952420310552,1.0009499873226397,2,2.0,47,214,214.0
126,391.64285714285717,349.14285714285717,14,6.883200133200133,0.0047576498798993505,True,1.0031766430465314,1.0009711459841149,11,11.0,44,214,214.0
130,397.53333333333336,353.73333333333335,15,5.8000777000777,0.010135648948060183,True,1.0069591012511376,1.0036685640285008,52,52.0,183,214,214.0
132,385.77777777777777,356.77777777777777,27,6.392601225934559,0.0075254393092343275,True,1.0050079527102849,1.0038158949880553,132,132.0,180,214,214.0
133,404.14814814814815,355.9259259259259,27,5.9331347664681,0.001587842453510513,True,1.0015300393943452,1.0005084968353588,4,4.0,37,214,214.0
134,424.6363636363636,353.0,11,5.633396906124179,0.006450382545581279,True,1.003703729612378,1.0022238352379091,3,3.0,64,214,214.0
135,412.63157894736844,354.05263157894734,19,6.371917556128082,0.005103978587020608,True,1.003561171976991,1.0018010461878,16,16.0,87,214,214.0
139,393.6666666666667,358.0,9,5.83954933954934,0.0039979039181459175,True,1.0023528960904382,1.0010286564960702,1,1.0,27,214,214.0
140,425.0,359.92857142857144,14,5.1118048618048615,0.0041807563493971855,True,1.0024183155623918,1.000771373737809,3,3.0,45,214,214.0
142,454.06666666666666,359.93333333333334,15,4.173038073038073,0.0006968680644743319,True,1.0019556593528607,1.0009417220895342,2,2.0,20,214,214.0
145,414.0238095238095,361.14285714285717,42,7.48024198024198,0.0013857514241844004,True,1.0011047804643443,1.0005725292047842,11,11.0,45,214,214.0
149,382.1,365.3,10,5.194871794871795,0.0051647579759486195,True,1.004475743131143,1.003306822153471,3,3.0,92,214,214.0
150,393.6304347826087,367.3695652173913,46,7.031316509577379,0.0036427273711130415,True,1.0031560597738935,1.0022450381078603,147,147.0,198,214,214.0
153,407.96,367.32,25,6.474685314685314,0.005135326377848637,True,1.004504328697958,1.0026125966679749,85,85.0,163,214,214.0
159,436.4,373.56666666666666,30,5.496503496503497,0.0006228251876558843,True,1.0006887578261026,1.000481397512437,3,3.0,21,214,214.0
162,381.7391304347826,373.17391304347825,23,5.2441471571906355,0.0010726123738673543,True,1.0015383058515446,1.0007444918034902,10,10.0,43,214,214.0
163,444.1818181818182,372.72727272727275,11,4.311824539097266,0.0035348252580418293,True,1.002047502209282,1.0008768511111354,1,1.0,11,214,214.0
164,401.53333333333336,373.26666666666665,15,6.237606837606838,-9.829151623141907e-05,True,1.000523740706991,1.000067019926231,4,4.0,8,214,214.0
165,408.04,375.8,25,6.25967365967366,0.005570498067921648,True,1.004268903575064,1.0022310899157265,27,27.0,144,214,214.0
166,427.0,374.5,12,5.603146853146853,0.010469339732005256,True,1.006963626447677,1.0052751745430037,34,34.0,139,214,214.0
168,392.1666666666667,376.22222222222223,18,5.572131572131572,0.0013110599645160814,True,1.0008593185657173,0.999805142043989,3,3.0,2,214,214.0
172,402.0625,379.6875,16,7.082532051282051,0.002547699205260656,True,1.0019635739036812,1.0000553029130617,6,6.0,21,214,214.0
174,371.6666666666667,381.5416666666667,24,7.873737373737374,0.00441747949702731,True,1.0030383324961811,1.0012154896316443,32,32.0,56,214,214.0
175,416.27272727272725,380.3636363636364,11,5.276435685526595,0.0084783865236846,True,1.0065785634867748,1.0046234394127345,36,36.0,131,214,214.0
177,385.8857142857143,382.8857142857143,35,8.323443223443224,0.0038185986117285076,True,1.0023754469718449,1.0011339541426199,59,59.0,82,214,214.0
180,363.8936170212766,387.8085106382979,47,6.002678172890938,0.0019466469933560049,True,1.0012626339456259,1.0004942290131453,1,1.0,46,214,214.0
182,355.375,385.875,16,5.099140442890443,0.008749915904219918,True,1.0052266084088946,1.0028832835135975,10,10.0,76,214,214.0
183,396.07894736842104,387.89473684210526,38,6.363206968470126,0.0011049424869464808,True,1.0006342983674772,1.000139087969223,2,2.0,17,214,214.0
185,375.0,385.625,8,6.269230769230769,0.003422000148179727,True,1.0013711601104858,1.0001109989893118,1,1.0,7,214,214.0
186,405.6666666666667,387.0,21,5.557942057942058,0.003198867469784261,True,1.0021295636162497,1.0012266351400925,8,8.0,50,214,214.0
190,429.9024390243902,393.0731707317073,41,5.627835579055091,0.0036674719604099515,True,1.0023485277155624,1.0011161444059578,40,40.0,97,214,214.0
193,348.1,391.3,10,4.397086247086247,0.002850964709858239,True,1.0026353885730497,1.001824943549856,2,2.0,25,214,214.0
194,394.875,392.875,8,6.5316142191142195,0.0032845231619729187,True,1.0034912134526022,1.0016613321090218,3,3.0,33,214,214.0
195,436.8333333333333,391.9166666666667,12,4.7377622377622375,0.005449076953923049,True,1.0025108232768902,1.0007431744513602,1,1.0,13,214,214.0
198,373.22222222222223,394.05555555555554,18,6.9959207459207455,0.0054748150700498766,True,1.0029476066086869,1.0007843369084122,20,20.0,57,214,214.0
199,381.38461538461536,395.0,13,5.076743769051461,0.0015677139417888952,True,1.0008734585196204,1.0004753580217507,3,3.0,12,214,214.0
202,411.74074074074076,397.3333333333333,27,5.5780022446689115,0.001850422988050271,True,1.000454364370049,1.0002008415665016,2,2.0,14,214,214.0
203,342.46153846153845,395.9230769230769,13,5.102295140756679,0.00681560913043322,True,1.0059643737793926,1.0038045138553684,34,34.0,102,214,214.0
204,351.67857142857144,398.7857142857143,28,5.428238428238428,0.010404448553337664,True,1.0089598740278298,1.0072815044972003,189,189.0,213,214,214.0
206,358.25,396.8333333333333,12,5.070901320901321,0.004942710513627491,True,1.0038982289188443,1.0027819396839397,3,3.0,82,214,214.0
207,363.3404255319149,401.78723404255317,47,5.8178098497247435,0.003471125934568775,True,1.0028050674975955,1.0015442103074124,85,85.0,163,214,214.0
208,393.55555555555554,397.1111111111111,18,6.164206164206164,0.002824583179932727,True,1.002650055871436,1.0016480863748183,14,14.0,59,214,214.0
210,401.7317073170732,402.1951219512195,41,6.876286315310706,0.0019167119778293884,True,1.0014473370028065,1.0004790815045488,9,9.0,42,214,214.0
212,332.32608695652175,401.04347826086956,46,5.352893483328266,0.002969737200436029,True,1.0011597047679925,1.0003232588451358,11,11.0,37,214,214.0
213,424.5,399.5,20,7.14988344988345,0.004662353916202289,True,1.002771673166468,1.001056466196742,11,11.0,38,214,214.0
215,374.44444444444446,400.1111111111111,9,5.976042476042476,0.006657317613907754,True,1.001823990342911,0.9999504584316858,2,2.0,10,214,214.0
216,345.43589743589746,405.9230769230769,39,5.841432072201303,0.0009178570061476599,True,1.0002811433069598,0.999911561985364,1,1.0,11,214,214.0
217,416.4166666666667,402.7916666666667,24,5.574592074592075,0.007680491341570228,True,1.0071702001543534,1.0059048879422066,183,183.0,211,214,214.0
218,382.06666666666666,402.93333333333334,15,5.536208236208236,0.008527105371178179,True,1.0069315598674091,1.0042042454258249,30,30.0,146,214,214.0
220,390.46666666666664,404.9,30,6.601864801864802,0.007157343039205566,True,1.0053740201307904,1.0036806588871237,131,131.0,173,214,214.0
223,376.75,406.0833333333333,12,5.465811965811966,0.002978355003657507,True,1.0019535163301432,1.0000340904110419,3,3.0,14,214,214.0
224,322.3333333333333,407.46666666666664,15,4.586557886557887,0.00439164697529848,True,1.0020218941393364,1.0012445167845252,1,1.0,20,214,214.0
225,410.26666666666665,407.73333333333335,15,5.0792540792540795,0.001532840284674597,True,1.0011918656880625,1.0008510986569008,5,5.0,18,214,214.0
226,328.7142857142857,410.04761904761904,21,5.2003552003552,0.006233117220937112,True,1.0037314219397246,1.0014315393038018,13,13.0,72,214,214.0
229,375.5217391304348,415.4347826086956,46,7.2854971115840685,0.00219189923211216,True,1.001847367335944,1.001222630086775,27,27.0,140,214,214.0
230,386.0,411.14285714285717,21,6.58985458985459,0.00865160377482388,True,1.0064351616800704,1.0044504476628664,107,107.0,163,214,214.0
231,339.5,412.96153846153845,26,5.68975255513717,0.0036995641800519063,True,1.0022188500113327,1.0009590676597542,7,7.0,51,214,214.0
232,395.60714285714283,412.7142857142857,28,5.608391608391608,0.009114729517454956,True,1.0076201719756472,1.005459953960563,142,142.0,158,214,214.0
235,353.56666666666666,414.3666666666667,30,5.740637140637141,0.003704287303414988,True,1.0026920515155482,1.0017904000584301,17,17.0,111,214,214.0
237,311.4516129032258,414.83870967741933,31,5.763553650650425,0.0021190407166187253,True,1.0009722410733826,1.000381022001069,3,3.0,21,214,214.0
240,363.90697674418607,415.3953488372093,43,7.399604271697295,0.0042080784974272145,True,1.0031414961562592,1.0018411904755682,91,91.0,119,214,214.0
242,318.76190476190476,415.76190476190476,21,5.204240204240204,0.002462989644400615,True,1.0004437700770223,1.0003808882856406,1,1.0,14,214,214.0
243,404.6333333333333,416.76666666666665,30,4.849184149184149,0.0019245892909918183,True,1.0010151976726822,1.0002168361784525,6,6.0,19,214,214.0
244,324.375,415.75,8,4.728875291375291,0.0016383524507432856,True,1.0003351584104163,1.000021894488772,10,10.0,10,214,214.0
245,332.53846153846155,416.53846153846155,13,5.534965034965035,0.005487637614883356,True,1.0026014232791887,1.0007458368924023,1,1.0,21,214,214.0
248,338.1333333333333,419.93333333333334,15,6.309168609168609,0.0014248425447480617,True,1.0012644892695504,1.000297845710886,4,4.0,8,214,214.0
249,288.2,423.55,20,3.711013986013986,0.0029285190586274545,True,1.001090480943938,1.0007338291809178,1,1.0,13,214,214.0
250,328.7142857142857,421.5,14,5.30977355977356,0.0010407764636704009,True,1.002523011016364,1.001226148677963,4,4.0,26,214,214.0
254,397.67391304347825,423.6304347826087,46,6.64915881220229,0.0026082632781092574,True,1.0019279574029087,1.000947397537516,34,34.0,96,214,214.0
258,417.0,423.75,8,3.837558275058275,0.002572779419476978,True,1.0008352031898307,1.0006165006770333,22,22.0,8,214,214.0
264,293.93333333333334,427.3333333333333,15,4.232711732711732,0.0016864458446059771,True,1.0005656210364327,1.0000821003314366,2,2.0,6,214,214.0
265,300.7916666666667,427.5416666666667,24,5.169677544677545,0.0036741494134227004,True,1.0033469273572346,1.0017288956528425,26,26.0,67,214,214.0
266,307.8536585365854,429.8536585365854,41,4.852549889135255,0.0030848930131111008,True,1.0026968249914034,1.001965497851615,61,61.0,177,214,214.0
272,339.5,428.1818181818182,22,6.416136893409621,0.006204966782065835,True,1.0040294848301723,1.0012432781585032,26,26.0,67,214,214.0
273,365.55555555555554,427.55555555555554,9,5.067081067081067,0.003748847293849611,True,1.0048284278254034,1.0031546187158102,8,8.0,54,214,214.0
275,281.25,428.25,8,3.375437062937063,0.00018887047595983475,True,1.0010310789671106,1.0002459770328944,6,6.0,7,214,214.0
276,319.27272727272725,430.1363636363636,22,4.898124602670057,0.0019376755991038497,True,1.0007056659927451,1.000043250196312,1,1.0,9,214,214.0
279,361.468085106383,434.3191489361702,47,6.3037742399444525,0.0018204726222397216,True,1.001043303299553,1.0001561527258538,5,5.0,27,214,214.0
283,371.72222222222223,431.22222222222223,18,5.9401061901061905,0.004935391732792116,True,1.0054041575794639,1.0025876967365224,35,35.0,76,214,214.0
284,379.6,431.55,20,5.540909090909091,0.0038802896979530654,True,1.0017994833304713,1.0004623042733438,4,4.0,13,214,214.0
288,331.5833333333333,432.5,12,5.3783022533022535,0.007283017243049139,True,1.0059700773359108,1.0032097526323422,3,3.0,82,214,214.0
291,313.6363636363636,437.2121212121212,33,4.94193685102776,0.0021551166963282853,True,1.0016861123884442,1.0005265178448584,2,2.0,34,214,214.0
292,325.3809523809524,437.1666666666667,42,5.889305139305139,0.0017206398798894629,True,1.0016114898917212,1.000426316383444,25,25.0,44,214,214.0
293,339.3181818181818,436.3636363636364,22,6.278025005297732,0.0022974313402437385,True,1.0012732113699596,1.0002468772576025,4,4.0,16,214,214.0
295,385.52941176470586,437.94117647058823,17,5.4148498560263265,0.004976673320658875,True,1.0018648761819695,1.0004917592512819,5,5.0,21,214,214.0
297,367.25,438.25,8,5.736888111888112,0.0054285111159895205,True,1.0011355931838857,1.0000926790792664,1,1.0,6,214,214.0
300,375.3529411764706,442.5882352941176,17,4.866995749348691,0.00016305152590079253,True,1.0007977598868756,1.0001946623298503,2,2.0,12,214,214.0
301,394.25,440.6875,16,3.9890734265734267,0.004838944895417807,True,1.0034538568308524,1.002448510595585,2,2.0,43,214,214.0
302,304.0232558139535,446.06976744186045,43,5.653846153846154,0.0019542509340944036,True,1.0012296461758525,1.0002574408546694,1,1.0,28,214,214.0
303,338.45454545454544,443.3636363636364,11,4.916083916083916,0.006792217049465421,True,1.0012750682235623,1.0009322176937483,2,2.0,16,214,214.0
305,308.75,442.875,8,5.151806526806527,0.009794220302485002,True,1.003651517657093,1.001465252440842,1,1.0,23,214,214.0
307,354.11764705882354,444.3529411764706,17,5.093171534348005,0.007300358726497258,True,1.0052202895617612,1.003129560398822,32,32.0,105,214,214.0
309,363.7083333333333,445.4166666666667,24,4.90549728049728,0.002365925496244481,True,1.0018356124846437,1.0011630132943394,3,3.0,38,214,214.0
314,383.8125,445.625,16,4.509251165501166,0.001080322860377958,True,1.0007466849897235,1.0003620936405198,2,2.0,12,214,214.0
319,372.07142857142856,447.14285714285717,14,5.335830835830836,0.004953526888404669,True,1.0028423324834863,1.0009280262844715,2,2.0,22,214,214.0
320,313.0,447.6666666666667,9,5.420875420875421,0.0008247292273080298,True,1.000971210374755,0.9998906777112642,6,6.0,5,214,214.0
322,345.5,448.0,10,5.027039627039627,0.0001291266376679534,True,1.0018699681545595,1.0007873943358645,2,2.0,10,214,214.0
323,328.9,449.8,10,4.7332167832167835,0.006656668010919908,True,1.005494880869135,1.0026959304773309,3,3.0,58,214,214.0
328,351.89130434782606,455.1521739130435,46,4.534204925509274,0.0017083072684378475,True,1.0007841793213164,1.0004176161440046,2,2.0,28,214,214.0
329,364.19444444444446,454.8888888888889,36,4.207880082880083,0.001354795872227088,True,1.001025902789697,1.000544518429198,3,3.0,23,214,214.0
330,287.6875,455.53125,32,3.9900932400932403,0.0015476534160185906,True,1.0007339667726134,1.0004502570826934,1,1.0,21,214,214.0
331,296.8918918918919,455.1621621621622,37,5.560417060417061,0.0005004391730265567,True,1.0003147504485757,0.9999760385398424,3,3.0,12,214,214.0
334,313.15384615384613,454.38461538461536,13,4.52868925945849,0.0054403512753049554,True,1.0016328514724089,1.0007492301707235,2,2.0,10,214,214.0
335,329.47058823529414,457.2647058823529,34,5.560228986699575,0.00319971654141038,True,1.0018389493835105,1.0004876220162842,6,6.0,32,214,214.0
338,373.0,457.3333333333333,12,4.32488344988345,0.0019142056403034236,True,1.0016961330978305,1.0003927577952354,3,3.0,8,214,214.0
343,308.7142857142857,460.07142857142856,14,5.122044622044622,0.0068012513457687,True,1.0036639289037883,1.0014917014731233,6,6.0,36,214,214.0
352,322.6842105263158,464.7894736842105,19,4.372040240461293,0.0011827037043590227,True,1.0015727459508477,1.0001639817694536,3,3.0,12,214,214.0
353,292.1621621621622,465.7027027027027,37,4.249606249606249,0.0014128315309192008,True,1.0006011831284978,1.000355751557443,3,3.0,20,214,214.0
358,304.86486486486484,469.2972972972973,37,5.205726705726706,0.0014383413632794717,True,1.0011531338859727,1.0004079024918464,7,7.0,29,214,214.0
370,310.3888888888889,479.6666666666667,18,3.9903522403522405,-0.0010047049883045167,True,1.0007757127443955,1.0001065460778418,6,6.0,5,214,214.0
372,318.9189189189189,479.94594594594594,37,5.693851193851194,0.005033814951512561,True,1.0037579345140064,1.0020739990804157,60,60.0,153,214,214.0
373,327.46153846153845,479.9230769230769,13,4.386946386946387,0.003174814307656426,True,1.0020219248777522,1.0008363592960212,3,3.0,18,214,214.0
376,301.73333333333335,484.2,15,3.700854700854701,0.002272995643904707,True,1.000914056162829,0.9999732924875947,2,2.0,6,214,214.0
377,310.9,485.7,10,3.7151515151515153,0.004879442353845853,True,1.0025556438182865,1.0001782465622269,2,2.0,4,214,214.0
385,307.0,495.25,8,3.2988053613053614,0.0029325289267470023,True,1.0024641992610552,1.0003449178350097,2,2.0,6,214,214.0
